<?xml version="1.0" encoding="UTF-8"?>
<project-private xmlns="http://www.netbeans.org/ns/project-private/1">
    <editor-bookmarks xmlns="http://www.netbeans.org/ns/editor-bookmarks/2" lastBookmarkId="0"/>
    <open-files xmlns="http://www.netbeans.org/ns/projectui-open-files/2">
        <group>
            <file>file:/C:/Users/José%20Alberto/Documents/GitHub/complilador/compiladorVerano/src/Archivos/TablaAnalisisSintactico</file>
            <file>file:/C:/Users/José%20Alberto/Documents/GitHub/complilador/compiladorVerano/src/compiladorverano/CompiladorVerano.java</file>
            <file>file:/C:/Users/José%20Alberto/Documents/GitHub/complilador/compiladorVerano/src/compiladorverano/AnalizadorLexico.java</file>
            <file>file:/C:/Users/José%20Alberto/Documents/GitHub/complilador/compiladorVerano/src/compiladorverano/GUI.java</file>
            <file>file:/C:/Users/José%20Alberto/Documents/GitHub/complilador/compiladorVerano/src/compiladorverano/Automatas.java</file>
            <file>file:/C:/Users/José%20Alberto/Documents/GitHub/complilador/compiladorVerano/src/compiladorverano/AnalizadorSintactico.java</file>
            <file>file:/C:/Users/José%20Alberto/Documents/GitHub/complilador/compiladorVerano/src/Archivos/PalabrasReservadas</file>
            <file>file:/C:/Users/José%20Alberto/Documents/GitHub/complilador/compiladorVerano/src/compiladorverano/ArchivoAleatorio.java</file>
            <file>file:/C:/Users/José%20Alberto/Documents/GitHub/complilador/compiladorVerano/src/compiladorverano/TablaAnalisisSintactico.java</file>
            <file>file:/C:/Users/José%20Alberto/Documents/GitHub/complilador/compiladorVerano/src/compiladorverano/Archivo.java</file>
            <file>file:/C:/Users/José%20Alberto/Documents/GitHub/complilador/compiladorVerano/src/compiladorverano/FuncionHash.java</file>
        </group>
    </open-files>
</project-private>
